"text","keyword"
"Climate change demands a green transition, advocating for sustainable practices worldwide to combat rising temperatures and preserve natural ecosystems.","green transition"
"In a world moving towards sustainability, adopting green transitions is crucial for reducing carbon footprints and promoting environmental health.","green transition"
"The green transition is a crucial step towards sustainable development, emphasizing environmental conservation and reducing carbon emissions while promoting renewable energy sources.","green transition"
"In the face of climate change, a green transition is imperative for sustainable development and environmental protection.","green transition"
"The green transition, a critical step towards sustainable development and reducing carbon footprint globally.","green transition"
"The green transition is crucial for sustainable development, as it involves adopting renewable energy sources and reducing carbon emissions to mitigate climate change effects. Transitioning to a low-carbon economy will not only improve environmental quality but also enhance economic growth and social welfare.","green transition"
"The green transition is crucial for sustainable development, as it aims to reduce environmental impact and promote renewable energy sources.","green transition"
"The green transition will be a key driver of sustainable development, leading to cleaner air and water while preserving natural habitats.","green transition"
"The green transition is crucial for sustainable development and reducing environmental impact, as it focuses on shifting towards renewable energy sources and eco-friendly practices to mitigate climate change effects.","green transition"
"The concept of a green transition, as proposed by researchers and policymakers worldwide, aims to shift societies towards sustainable development practices while mitigating environmental impacts. This involves integrating renewable energy sources into daily life, promoting eco-friendly technologies, reducing waste management inefficiencies, and encouraging behavioral changes for more environmentally conscious lifestyles. The ultimate goal is to achieve economic growth without compromising ecological health or social equity.","green transition"
"As governments around the world strive to accelerate green transitions, it's becoming increasingly clear that these shifts will require significant investment and effort from all sectors of society.","green transition"
"The green transition is a crucial step towards sustainable development, aiming to reduce carbon emissions and promote eco-friendly practices globally.","green transition"
"The green transition requires coordinated efforts from all sectors of society to achieve sustainability goals and mitigate environmental impacts.","green transition"
"Transitioning to a greener lifestyle is essential for our planet.","green transition"
"The city embarked on a green transition, aiming to reduce carbon emissions and promote sustainable living through renewable energy projects.","green transition"
"The global green transition is gaining momentum, driving innovation and sustainability across industries.","green transition"
"The green transition is a critical pathway for sustainable development, aiming to reduce carbon emissions and promote environmental conservation.","green transition"
"As society transitions towards a more sustainable future, we must prioritize actions to reduce our carbon footprint and promote eco-friendly practices. Transitioning to renewable energy sources is crucial for mitigating climate change impacts.","green transition"
"The green transition is crucial for sustainable development and environmental protection. It involves a gradual shift towards renewable energy sources, efficient resource management, and ecological balance to mitigate climate change impacts. This process requires collaboration between governments, businesses, and individuals to achieve positive outcomes.","green transition"
"The green transition is an essential strategy for sustainable development, aiming to shift economies and societies towards a lower-carbon future while preserving natural ecosystems.","green transition"
"In recent years, a green transition has become increasingly prominent as global efforts to address climate change accelerate worldwide. This shift involves transitioning away from fossil fuels towards renewable energy sources and sustainable practices across all sectors of society. The goal is to reduce carbon emissions significantly while ensuring economic growth does not come at the expense of environmental health.","green transition"
"The green transition is a crucial step towards sustainable development, aiming to reduce environmental impact while improving quality of life and economic prosperity. Transitioning to renewable energy sources reduces reliance on fossil fuels, decreases pollution, and supports biodiversity conservation efforts.","green transition"
"In the quest for sustainable development, a green transition is essential to mitigate environmental impacts and promote long-term ecological health.","green transition"
"The green transition is a critical phase in modernizing economies towards sustainability, emphasizing renewable energy adoption and eco-friendly practices to combat climate change.","green transition"
"In recent years, there has been a growing emphasis on transitioning to greener energy sources as part of sustainable development initiatives. This involves reducing reliance on fossil fuels and increasing adoption of renewable options like solar and wind power. The green transition is crucial for combating climate change while also promoting economic growth through innovation and job creation in new industries such as manufacturing of eco-friendly technologies.","green transition"
"In an era of rapid technological advancement, embracing a green transition has become essential for sustainable development and mitigating environmental impacts. This involves transitioning from fossil fuels to renewable energy sources such as solar, wind, and hydroelectric power, while also focusing on carbon capture technologies and reducing waste across all sectors of society. The goal is not just to decarbonize our economy but to ensure a future where ecological balance is maintained alongside economic growth and social equity.","green transition"
"In the context of sustainable practices, a green transition refers to the shift towards environmentally friendly and low-carbon technologies and methodologies across all sectors of society. This process involves significant changes in energy production, industrial processes, transportation systems, agriculture, and urban planning to mitigate climate change impacts while promoting economic growth and social well-being.","green transition"
"The green transition requires a shift towards sustainable practices and renewable energy sources to combat climate change.","green transition"
"The green transition is crucial for sustainable development and reducing environmental impact.","green transition"
"In the quest for sustainable development, a green transition is crucial as it involves shifting towards renewable energy sources and reducing environmental impact. This shift requires significant investment in technology and infrastructure but offers substantial benefits in terms of economic growth and improved quality of life.","green transition"
"The green transition is a crucial phase for sustainable development, requiring innovative solutions and collective action to reduce environmental impact while promoting economic growth.","green transition"
"Transitioning towards a greener future requires collective action and innovation.","green transition"
"In recent years, there has been a growing emphasis on transitioning towards sustainable and eco-friendly practices across various sectors. This includes the green energy sector, where advancements like renewable technologies have become increasingly important as we strive to reduce our environmental footprint.","green transition"
"In the quest for sustainable development, a green transition is imperative to reduce carbon emissions and promote eco-friendly practices across all sectors of society. This transformation requires significant investments in renewable energy technologies, improved waste management systems, and education initiatives aimed at fostering environmental consciousness among citizens worldwide. By embracing these changes, humanity can not only mitigate climate change but also pave the way towards a more resilient and equitable future.","green transition"
"The green transition is a critical approach to sustainable development, focusing on transitioning economies and societies towards low-carbon, resource-efficient pathways while promoting social equity and environmental protection. This paradigm shift aims to address climate change effectively while ensuring economic growth and improving quality of life for all. It involves innovative technologies, policies, and practices aimed at reducing greenhouse gas emissions and enhancing resilience against natural disasters. The goal is not just mitigating current impacts but also preventing future risks associated with global warming.","green transition"
"Climate change requires a green transition to sustainable practices and renewable energy sources.","green transition"
"As societies worldwide embrace a green transition, renewable energy sources and sustainable practices become increasingly crucial for combating climate change.","green transition"
"The green transition is crucial for sustainable development and environmental preservation, enabling societies to move towards a more eco-friendly future through renewable energy sources and efficient resource management practices.","green transition"
"The green transition is a critical pathway for sustainable development, necessitating significant shifts towards renewable energy and eco-friendly practices.","green transition"
"In today's green transition, sustainable practices are becoming increasingly important to ensure a better future for all beings.","green transition"
"The green transition will be a pivotal moment for sustainability and eco-friendliness, marking humanity's move towards a cleaner, more sustainable future through technological advancement and policy reforms.","green transition"
"The green transition is crucial for sustainable development and environmental preservation, focusing on reducing carbon emissions and promoting renewable energy sources to mitigate climate change effects.","green transition"
"The green transition is crucial for sustainable development and reducing environmental impact globally.","green transition"
"The green transition is an essential process for a sustainable future, requiring innovative solutions and collective action to reduce environmental impact.","green transition"
"The journey towards a green transition is crucial for sustainable development, as we move away from traditional fossil fuel dependence and embrace renewable energy sources to protect our planet's health.","green transition"
"The green transition is a critical step towards sustainable development, emphasizing renewable energy and ecological preservation to mitigate environmental impacts globally.","green transition"
"The green transition is a critical phase towards sustainable development, emphasizing environmental conservation and social responsibility.","green transition"
"In today's world, embracing a green transition is more critical than ever before as we strive to mitigate environmental impacts and foster sustainable growth for future generations.","green transition"
"The green transition is a critical phase in modern society's evolution, focusing on sustainable practices and environmental preservation to ensure a healthier planet for future generations. Transitioning away from fossil fuels towards renewable energy sources like solar, wind, and hydroelectric power not only reduces carbon emissions but also creates jobs and fosters innovation while protecting biodiversity. Green transitions require policy changes, technological advancements, education initiatives, and public awareness campaigns to make them successful and widespread.","green transition"
"The green transition is a critical phase for sustainable development, emphasizing environmental responsibility and social equity to ensure future prosperity.","green transition"
"The green transition is a critical strategy for sustainable development, aiming to reduce carbon emissions and promote renewable energy sources.","green transition"
"The journey towards a greener, more sustainable future is crucial for our planet's health and well-being. By embracing renewable energy sources and implementing eco-friendly practices at all levels of society, we can pave the way for a brighter tomorrow.","green transition"
"The green transition is a critical approach to sustainable development, aiming to shift towards renewable energy sources and eco-friendly practices without compromising economic growth or social equity.","green transition"
"The green transition is essential for sustainable development and environmental preservation, as it focuses on reducing carbon emissions while promoting renewable energy sources. This approach not only helps combat climate change but also creates new job opportunities and enhances overall economic growth.","green transition"
"The green transition is crucial for sustainable development and environmental preservation.","green transition"
"The green transition, a pivotal concept for sustainable development, emphasizes reducing environmental impact and promoting renewable energy sources to ensure future generations inherit a livable planet.","green transition"
"Climate change requires urgent action, as transitioning to a green economy is crucial for sustainable development and reducing greenhouse gas emissions globally.","green transition"
"Climate change requires a green transition, necessitating urgent action to reduce carbon emissions and promote renewable energy sources.","green transition"
"The green transition is a crucial phase for sustainable development, focusing on transitioning economies and societies towards renewable energy sources while reducing environmental impact. This process aims to mitigate climate change effects and promote ecological balance.","green transition"
"Transitioning to a green economy requires innovative solutions and collective action.","green transition"
"The green transition is a critical strategy for sustainable development, focusing on transitioning economies and societies towards environmental sustainability without compromising economic growth. This approach involves reducing carbon emissions, promoting renewable energy sources, enhancing resource efficiency, improving public health, and fostering social equity as key components of creating resilient communities. By accelerating this process, we can mitigate climate change impacts while ensuring long-term prosperity.","green transition"
"Transitioning towards a greener future is essential for sustainability.","green transition"
"In the face of climate change, a green transition is crucial for achieving sustainable development and reducing carbon emissions worldwide. This involves shifting towards renewable energy sources like solar, wind, and hydroelectric power to combat global warming effectively. Transitioning from fossil fuels to cleaner alternatives not only helps protect our environment but also fosters economic growth while ensuring social justice across different regions globally.","green transition"
"The journey towards a green transition is crucial for sustainable development and environmental protection, emphasizing renewable energy sources and reducing carbon footprint through innovative technologies and policies.","green transition"
"The Green Transition is a critical path to sustainable development, emphasizing environmental conservation and social progress simultaneously.","green transition"
"The green transition is a critical step towards sustainable development, aiming to reduce carbon emissions and promote environmental conservation through innovative technologies and policies.","green transition"
"Green Transition: A Call to Action for Sustainable Development.","green transition"
"As countries around the world strive to achieve a sustainable green transition, it is crucial for leaders and policymakers to prioritize renewable energy sources over fossil fuels while promoting education and awareness on environmental issues among all citizens.","green transition"
"As the world shifts towards a green transition, sustainable practices become increasingly crucial for future generations.","green transition"
"In recent years, cities worldwide have embarked on a green transition to mitigate climate change and promote sustainability. This journey involves implementing renewable energy sources, enhancing public transportation systems, and promoting sustainable urban planning practices.","green transition"
"The green transition is pivotal for achieving sustainable development goals and reducing environmental impacts globally.","green transition"
"The concept of a green transition is crucial for sustainable development, aiming to shift economies and societies towards lower carbon emissions while preserving biodiversity and improving quality of life.","green transition"
"Green Transition is key to sustainable development.","green transition"
"In the green transition, innovation and sustainability go hand in hand as we strive towards a more environmentally conscious future.","green transition"
"The green transition is a critical approach to addressing climate change, aiming for sustainable development while minimizing environmental impact and promoting economic growth.","green transition"
"The green transition is a critical phase towards sustainable development, emphasizing renewable energy sources and eco-friendly practices to mitigate environmental impacts and foster economic growth sustainably.","green transition"
"In recent years, there has been a growing emphasis on green transitions as nations strive to combat climate change and promote sustainable development. This involves transitioning from traditional energy sources like coal and oil towards cleaner alternatives such as solar power and wind farms. Green technologies not only reduce greenhouse gas emissions but also create new job opportunities for communities around the world.","green transition"
"The green transition is a critical step towards sustainable development, emphasizing renewable energy sources and eco-friendly practices to reduce environmental impact and promote economic growth while preserving natural resources for future generations.","green transition"
"The green transition is a critical step towards sustainable development and environmental protection, as we move away from fossil fuels to renewable energy sources and embrace eco-friendly technologies.","green transition"
"In the face of climate change, a green transition is essential for sustainable development and protecting our planet's future. Transitioning to renewable energy sources such as solar, wind, and hydro power not only reduces carbon emissions but also creates new job opportunities while promoting environmental consciousness globally.","green transition"
"In recent years, there has been a significant shift towards sustainable practices across various industries, with green transitions becoming increasingly important as we work to reduce our environmental impact and move towards more eco-friendly solutions. This includes everything from renewable energy sources like solar power to reducing waste through recycling programs. As awareness grows about the importance of sustainability, businesses and individuals alike are embracing these changes to create greener futures for ourselves and future generations.","green transition"
"The journey towards a green transition requires concerted efforts from all sectors of society, emphasizing sustainable practices and reducing carbon footprint globally.","green transition"
"The green transition is a crucial process towards sustainable development, aiming to reduce carbon emissions and promote renewable energy sources globally.","green transition"
"The green transition is a crucial step towards sustainable development, aiming to reduce environmental impact and promote eco-friendly practices across all sectors of society.","green transition"
"The green transition is critical for sustainable development.","green transition"
"Climate action and green transitions have become pressing global issues requiring immediate attention, emphasizing urgent measures to mitigate environmental impacts and promote sustainable development.","green transition"
"The green transition is a critical path towards sustainable development, focusing on reducing carbon emissions and promoting renewable energy sources to ensure a cleaner future for generations to come.","green transition"
"In recent years, many cities around the world have initiated green transitions to address environmental issues and promote sustainability. These initiatives aim at reducing carbon emissions, improving energy efficiency, and fostering a cleaner environment for future generations. Through various strategies such as investing in renewable energy sources, implementing sustainable urban planning, and encouraging public participation in conservation efforts, these communities strive to move towards more eco-friendly practices. The success of these green transitions depends on collective effort from governments, businesses, and citizens alike.","green transition"
"The green transition is a critical process towards sustainable development, emphasizing renewable energy sources and eco-friendly practices to mitigate environmental impacts.","green transition"
"The green transition is a critical step towards sustainable development, aiming to reduce carbon emissions and promote environmental conservation through innovative technologies and policies.","green transition"
"The green transition is crucial for sustainable development and combating climate change, promoting renewable energy sources while reducing carbon footprint globally.","green transition"
"As we embark on a green transition towards sustainable living, it is crucial to prioritize renewable energy sources and reduce carbon emissions globally. This initiative not only benefits our environment but also contributes significantly to economic growth while fostering social equity for all communities. Let's work together to make this transformation happen swiftly and effectively.","green transition"
"As we face global challenges, transitioning to a green economy is essential for sustainable development and combating climate change. The adoption of renewable energy sources, improving energy efficiency, and promoting eco-friendly practices can significantly reduce our carbon footprint while creating jobs and enhancing quality of life. Let's work together towards this important goal.","green transition"
"The green transition is essential for combating climate change and ensuring sustainable development.","green transition"
"The green transition is crucial for a sustainable future, as it involves shifting from fossil fuels to renewable energy sources while minimizing environmental impact and promoting social equity.","green transition"
"The green transition is crucial for sustainable development and environmental preservation, promoting renewable energy sources and reducing carbon emissions globally.","green transition"
"The green transition is crucial for sustainable development and reducing environmental impact.","green transition"
"The world is on a green transition path, moving towards sustainable development and reducing carbon emissions.","green transition"
"In this green transition, sustainability and innovation go hand in hand to create a more environmentally friendly future for all.","green transition"
"The green transition is a critical phase where societies shift towards sustainable practices, reducing carbon emissions and promoting renewable energy sources to combat climate change.","green transition"
"The greenhouse effect is a phenomenon where certain gases trap heat from the sun, causing Earth's atmosphere to warm up. This process plays a crucial role in maintaining life on our planet but can also lead to climate change if not managed properly.","greenhouse effect"
"Global warming is primarily caused by human activities, such as burning fossil fuels and deforestation. These actions release greenhouse gases like carbon dioxide into the atmosphere, which trap heat and raise Earth's temperature. This phenomenon is known as the greenhouse effect, a natural process but one now exacerbated due to increased emissions from modern societies.","greenhouse effect"
"The greenhouse effect, a natural process where certain gases trap heat and keep Earth warm enough for life as we know it to exist.","greenhouse effect"
"The greenhouse effect is a critical process where certain gases trap heat from the sun, leading to an increase in Earth's temperature and contributing significantly to climate change.","greenhouse effect"
"The greenhouse effect is a phenomenon where certain gases, such as carbon dioxide and methane, trap heat in Earth's atmosphere, leading to an increase in global temperatures known as climate change.","greenhouse effect"
"The greenhouse effect is a scientific phenomenon where certain gases, like carbon dioxide and methane, trap heat from the sun inside Earth's atmosphere, leading to warming of the planet's surface temperature.","greenhouse effect"
"The greenhouse effect is a phenomenon where gases in Earth's atmosphere trap heat from the sun, warming the planet and affecting climate patterns globally.","greenhouse effect"
"The greenhouse effect is a critical phenomenon where heat from the sun warms our planet, but certain gases trap this warmth and keep Earth's temperature stable at about 15°C (60°F). However, human activities like burning fossil fuels have increased these greenhouse gases to unprecedented levels, leading to global warming which can cause significant environmental changes including rising sea levels and more frequent extreme weather events.","greenhouse effect"
"The greenhouse effect is a natural process where certain gases, primarily carbon dioxide and methane, trap heat from the sun's radiation inside Earth's atmosphere, leading to an increase in global temperatures over time.","greenhouse effect"
"The intensifying greenhouse effect is a pressing concern, exacerbating climate change and altering global weather patterns at an alarming rate.","greenhouse effect"
"The urgent need to address climate change through sustainable practices and international cooperation is increasingly recognized worldwide, with a growing focus on reducing greenhouse gas emissions to mitigate global warming effects.","greenhouse effect"
"The greenhouse effect is a phenomenon where certain gases, primarily carbon dioxide and methane, trap heat from the sun inside Earth's atmosphere, leading to an increase in average global temperatures. This process plays a crucial role in maintaining life on our planet but also contributes significantly to climate change when amplified due to human activities such as deforestation and burning of fossil fuels.","greenhouse effect"
"The greenhouse effect, a process where certain gases in Earth's atmosphere trap heat and warm the planet, is essential for maintaining livable conditions on our blue planet but also poses significant challenges to modern societies due to its impact on climate change.","greenhouse effect"
"The greenhouse effect is a phenomenon where certain gases, particularly carbon dioxide and methane, trap heat from the sun within Earth's atmosphere, leading to an increase in global temperatures over time. This natural process helps maintain life on our planet but excessive levels of these gases due to human activities can cause significant climate change issues.","greenhouse effect"
"The greenhouse effect is a critical phenomenon where gases in Earth's atmosphere, primarily carbon dioxide and methane, trap heat from the sun, leading to global warming and climate change.","greenhouse effect"
"The increasing concentration of greenhouse gases, primarily carbon dioxide and methane, has accelerated global warming at an alarming rate. Understanding the greenhouse effect is crucial for developing strategies to mitigate its impacts on our planet's ecosystems and human societies.","greenhouse effect"
"Global warming is primarily caused by the greenhouse effect, which leads to a rise in Earth's temperature and various environmental issues such as melting ice caps and sea level rise.","greenhouse effect"
"The greenhouse effect is a process where certain gases trap heat from the sun, leading to an increase in Earth's temperature and climate change.","greenhouse effect"
"The greenhouse effect is a critical phenomenon where gases like carbon dioxide trap heat, leading to global warming and climate change.","greenhouse effect"
"The rise of greenhouse gases has led to an increase in global temperatures, causing severe climate changes and environmental degradation.","greenhouse effect"
"Climate change is primarily caused by human activities, particularly deforestation and burning fossil fuels, which release greenhouse gases like carbon dioxide into the atmosphere. These emissions trap heat from the sun, leading to global warming and an increase in extreme weather events such as hurricanes and droughts.","greenhouse effect"
"The greenhouse effect, a phenomenon caused by certain gases in Earth's atmosphere trapping heat from the sun, is crucial for maintaining a habitable temperature on our planet. Understanding and addressing this issue through sustainable practices can help mitigate its adverse effects on global climate change.","greenhouse effect"
"The greenhouse effect, a natural process where gases trap heat and keep Earth warm enough to support life, is exacerbated by human activities like burning fossil fuels, leading to global warming and climate change.","greenhouse effect"
"The greenhouse effect, a natural process where certain gases in Earth's atmosphere trap heat and keep temperatures stable, is being intensified by human activities like burning fossil fuels, leading to global warming issues.","greenhouse effect"
"Global warming and its impacts, including intensification of extreme weather events worldwide, require urgent global action to mitigate greenhouse gas emissions and protect our planet's biodiversity.","greenhouse effect"
"The increasing concentration of greenhouse gases in the atmosphere is a major contributor to global warming, exacerbating climate change and threatening biodiversity worldwide.","greenhouse effect"
"The greenhouse effect is a phenomenon where certain gases in Earth's atmosphere trap heat, leading to global warming and climate change.","greenhouse effect"
"The increasing greenhouse effect is causing global temperatures to rise, threatening ecosystems worldwide and requiring urgent action from policymakers around the globe.","greenhouse effect"
"Global warming and its effects, including increased greenhouse gases like carbon dioxide leading to climate change which necessitates urgent action for mitigation strategies such as reducing emissions through renewable energy sources and improving efficiency in industrial processes.","greenhouse effect"
"The greenhouse effect is a critical phenomenon where certain gases, primarily carbon dioxide and methane, trap heat within Earth's atmosphere, leading to global warming and climate change. Understanding this process is crucial for developing strategies to mitigate its impact on our planet.","greenhouse effect"
"Global warming is primarily caused by increased levels of greenhouse gases, including carbon dioxide and methane, leading to a rise in Earth's average temperature.","greenhouse effect"
"The greenhouse effect is a process where certain gases in Earth's atmosphere trap heat from the sun, warming the planet and its climate.","greenhouse effect"
"The greenhouse effect is a natural process where certain gases, mainly carbon dioxide and water vapor, trap heat from the sun within Earth's atmosphere, warming it up. This phenomenon contributes to global climate change but also plays an essential role in maintaining our planet's habitability.","greenhouse effect"
"Climate change is primarily driven by the greenhouse effect, which traps heat within our atmosphere and leads to global warming.","greenhouse effect"
"The greenhouse effect is a critical phenomenon where certain gases trap heat from the sun, warming Earth's surface and atmosphere. This process drives global climate change, affecting weather patterns worldwide. Addressing this issue requires significant international cooperation to reduce emissions of pollutants like carbon dioxide.","greenhouse effect"
"The greenhouse effect, a crucial process in Earth's climate system, warms our planet significantly but also contributes to global warming due to human activities and natural factors like volcanic eruptions.","greenhouse effect"
"Global warming is a pressing issue, and addressing it requires urgent action to reduce greenhouse gas emissions.","greenhouse effect"
"The greenhouse effect, a natural process where gases in Earth's atmosphere trap heat and warm our planet, is crucial for maintaining livable conditions on our planet. However, human activities have increased its intensity significantly over recent decades due to excessive emissions of carbon dioxide and other pollutants. Addressing this issue requires global cooperation to reduce these emissions and mitigate climate change impacts.","greenhouse effect"
"The greenhouse effect is a critical process where certain gases, like carbon dioxide and methane, trap heat from the sun inside Earth's atmosphere, leading to global warming.","greenhouse effect"
"The greenhouse effect is a critical process where certain gases, primarily carbon dioxide and methane, trap heat from the sun's radiation within Earth’s atmosphere, leading to an overall warming of the planet known as global warming.","greenhouse effect"
"The greenhouse effect is a process caused primarily by carbon dioxide, methane and water vapor in Earth's atmosphere which trap heat from the sun, leading to global warming.","greenhouse effect"
"The greenhouse effect is a critical mechanism driving Earth's climate, trapping heat within our atmosphere and influencing global temperature patterns.","greenhouse effect"
"The increasing levels of greenhouse gases, primarily carbon dioxide and methane, contribute to global warming through enhanced atmospheric absorption of solar radiation at wavelengths where clouds act as natural greenhouse layers. This phenomenon is known as the greenhouse effect but poses significant risks due to its impact on climate patterns worldwide. Addressing this issue requires comprehensive strategies including reducing emissions, promoting renewable energy sources, improving energy efficiency, and implementing stringent policies for environmental protection.","greenhouse effect"
"The increasing concentration of greenhouse gases in our atmosphere is causing global temperatures to rise, leading to more frequent and severe weather events around the world.","greenhouse effect"
"The greenhouse effect is a phenomenon where certain gases in Earth's atmosphere trap heat, warming the planet and contributing to climate change.","greenhouse effect"
"The increasing concentration of greenhouse gases in the atmosphere is contributing to global warming and climate change, leading scientists to warn about the severe consequences for our planet if action isn't taken immediately.","greenhouse effect"
"The concept of the greenhouse effect, which describes how certain gases trap heat from the sun and warm Earth's surface, is crucial for life on our planet but also poses significant challenges with climate change today.","greenhouse effect"
"The greenhouse effect is a phenomenon where certain gases, primarily water vapor and carbon dioxide, trap heat from the sun within Earth's atmosphere, leading to an increase in global temperatures known as climate change.","greenhouse effect"
"The greenhouse effect, a natural process where certain gases trap heat from the sun in Earth's atmosphere, has become increasingly problematic due to human activities contributing significantly more than naturally occurring processes.","greenhouse effect"
"The increase of greenhouse gases like carbon dioxide traps heat in Earth's atmosphere, leading to global warming and climate change.","greenhouse effect"
"The greenhouse effect is a critical process where certain gases, including carbon dioxide and methane, trap heat from the sun within Earth's atmosphere, leading to an increase in global temperatures. This phenomenon plays a vital role in maintaining life on our planet but can also contribute to climate change if not managed properly.","greenhouse effect"
"The greenhouse effect is a critical process in our planet's climate system, primarily caused by gases like carbon dioxide and methane trapping heat from the sun near Earth's surface, influencing global temperatures.","greenhouse effect"
"The rapid industrialization of our planet has led to an alarming increase in greenhouse gases, contributing significantly to global warming and climate change.","greenhouse effect"
"The greenhouse effect is a crucial process where certain gases, primarily water vapor and carbon dioxide, trap heat from the sun within Earth's atmosphere. This natural phenomenon helps regulate our planet’s temperature but can be amplified through human activities like deforestation and industrial emissions of pollutants such as methane and nitrous oxide.","greenhouse effect"
"The urgent need to address climate change through sustainable practices is increasingly recognized, and one effective approach involves implementing green technologies such as solar panels to reduce carbon emissions. Addressing global warming through advancements in energy efficiency can help mitigate the adverse effects of the greenhouse effect on our planet's ecosystem.","greenhouse effect"
"Climate change is primarily driven by human activities, particularly deforestation and industrial processes which release greenhouse gases into the atmosphere. These emissions trap heat, causing global temperatures to rise, leading to phenomena such as sea level increases and extreme weather events. Addressing this issue requires significant international cooperation and efforts towards reducing carbon footprints through renewable energy adoption and sustainable practices.","greenhouse effect"
"The greenhouse effect is a natural process where gases like carbon dioxide trap heat from the sun, warming Earth's surface and atmosphere. This phenomenon helps maintain life on our planet but can be exacerbated by human activities leading to climate change.","greenhouse effect"
"The greenhouse effect is a critical component of Earth's climate system, trapping heat from the sun and influencing global temperature.","greenhouse effect"
"The greenhouse effect, a natural process where certain gases trap heat in Earth's atmosphere, is crucial for maintaining moderate temperatures on our planet. However, human activities have dramatically increased the concentration of these gases, leading to global warming and climate change. Actions such as reducing carbon emissions through renewable energy sources can help mitigate its impacts.","greenhouse effect"
"The increasing levels of greenhouse gases, primarily carbon dioxide and methane from human activities like burning fossil fuels, have significantly enhanced global temperatures over recent decades, leading to various environmental impacts including sea-level rise and more frequent extreme weather events. These changes highlight the urgent need for mitigating climate change through sustainable practices and transitioning towards renewable energy sources.","greenhouse effect"
"The rapid increase of greenhouse gases, primarily carbon dioxide and methane, is significantly exacerbating global warming and causing irreversible damage to our environment.","greenhouse effect"
"The greenhouse effect, a crucial phenomenon where certain gases trap heat in Earth's atmosphere, plays a vital role in maintaining our planet's habitable temperature range. Understanding this process is essential for addressing global warming and its impacts on ecosystems worldwide.","greenhouse effect"
"The greenhouse effect is a critical process in Earth's climate system, primarily caused by certain gases such as carbon dioxide and methane trapping heat from the sun inside our atmosphere. This trapped warmth leads to global warming, affecting weather patterns worldwide and posing significant risks for ecosystems and human societies alike. Efforts towards reducing emissions through renewable energy sources, improved technology, and sustainable practices can help mitigate its effects on the planet.","greenhouse effect"
"The increasing greenhouse effect is a pressing issue, leading to global climate change and severe environmental impacts.","greenhouse effect"
"The greenhouse effect is a critical mechanism for warming our planet, driven primarily by increased levels of carbon dioxide and other gases trapped in Earth's atmosphere.","greenhouse effect"
"Climate change is a pressing issue, and reducing greenhouse gas emissions through renewable energy sources is crucial for our planet's future.","greenhouse effect"
"The greenhouse effect is a natural process where certain gases in Earth's atmosphere trap heat from the sun, warming the planet and supporting life as we know it.","greenhouse effect"
"The greenhouse effect is a crucial phenomenon where certain gases trap heat from the sun, warming Earth's surface and atmosphere. This natural process helps maintain livable conditions on our planet but can also be exacerbated by human activities such as burning fossil fuels, leading to global climate change.","greenhouse effect"
"Climate change is primarily driven by human activities, including deforestation and industrial processes, leading to an increase in greenhouse gases like carbon dioxide and methane, which trap heat from the sun within Earth's atmosphere. This phenomenon, known as global warming or climate change, poses significant risks for biodiversity loss, rising sea levels, extreme weather events, and disruptions of ecosystems globally. Addressing this issue requires urgent action on reducing emissions through policies such as transitioning towards renewable energy sources, improving efficiency, and protecting existing forests and oceans.国际合作和科技创新是解决这一挑战的关键。","greenhouse effect"
"Global warming and the greenhouse effect must be addressed urgently to protect our planet's future climate.","greenhouse effect"
"The increasing concentration of greenhouse gases, primarily carbon dioxide and methane, has significantly contributed to global warming through enhanced atmospheric trapping of heat radiation from Earth's surface, leading to a phenomenon known as the greenhouse effect.","greenhouse effect"
"The increasing concentration of greenhouse gases, primarily carbon dioxide and methane, is leading to global warming, which poses a significant threat to our planet's ecosystems and human societies alike. Preventing further harm requires immediate action towards reducing emissions through renewable energy sources and sustainable practices across industries.","greenhouse effect"
"The greenhouse effect is a natural process where certain gases, including carbon dioxide and methane, trap heat from the sun in Earth's atmosphere, warming our planet slightly. While this phenomenon helps keep us comfortable on the surface of our home, it also contributes to global warming if allowed to occur unchecked due to human activities like deforestation and burning fossil fuels.","greenhouse effect"
"The increasing levels of greenhouse gases in our atmosphere, primarily carbon dioxide and methane from human activities like burning fossil fuels, contribute to global warming and climate change. The phenomenon is known as the Greenhouse Effect, which has led scientists worldwide to research ways to mitigate its impact on ecosystems and human society.","greenhouse effect"
"Global warming is primarily caused by an increase of greenhouse gases, which trap heat from the sun and cause Earth's temperature to rise, leading to environmental changes including melting ice caps and rising sea levels.","greenhouse effect"
"The rapid increase in greenhouse gas emissions is leading to a dangerous rise in global temperatures, threatening ecosystems and human societies worldwide.","greenhouse effect"
"The increasing levels of greenhouse gases, primarily carbon dioxide and methane, trap heat in the Earth's atmosphere, leading to global warming and climate change. To mitigate these effects, it is crucial to reduce emissions through renewable energy sources and sustainable practices.","greenhouse effect"
"The greenhouse effect is a crucial phenomenon where certain gases, primarily water vapor and carbon dioxide, trap heat in Earth's atmosphere, leading to global warming. This process plays a significant role in maintaining our planet's climate but can be exacerbated by human activities like deforestation and industrial emissions of greenhouse gases. Understanding and mitigating its impacts through sustainable practices and technological advancements remains vital for future generations.","greenhouse effect"
"The increasing greenhouse effect has become a pressing issue worldwide, demanding urgent action to mitigate its harmful impacts on our environment and future generations.","greenhouse effect"
"Climate change is primarily driven by human activities, including deforestation and burning of fossil fuels, which release greenhouse gases into the atmosphere. These emissions trap heat from the sun, leading to global warming and altering weather patterns globally. Conservation efforts should focus on reducing carbon footprints through renewable energy sources and sustainable practices.","greenhouse effect"
"The greenhouse effect is a process by which certain gases trap heat from the sun, leading to an increase in Earth's temperature and contributing significantly to global warming.","greenhouse effect"
"Global warming is caused by an increase in greenhouse gases, primarily carbon dioxide and methane, which trap heat in Earth's atmosphere, leading to a rise in global temperatures known as climate change.","greenhouse effect"
"The greenhouse effect is a natural process where certain gases, primarily carbon dioxide and water vapor, trap heat from the sun's radiation within our atmosphere. This trapped warmth warms Earth's surface, making life possible on our planet. However, human activities such as deforestation and burning fossil fuels have significantly increased these greenhouse gas levels, leading to global warming which poses severe environmental challenges including rising sea levels and more frequent extreme weather events.","greenhouse effect"
"Climate change is a global issue caused primarily by human activities such as burning fossil fuels, deforestation, and industrial processes, leading to an increase in greenhouse gases like carbon dioxide (CO2) which trap heat in Earth's atmosphere, causing the phenomenon known as the Greenhouse Effect.","greenhouse effect"
"The greenhouse effect is a critical process where gases like carbon dioxide trap heat from the sun, causing Earth's atmosphere to warm up and influence global climate patterns.","greenhouse effect"
"The greenhouse effect is a scientific phenomenon where certain gases trap heat from the sun, leading to global warming and climate change.","greenhouse effect"
"The greenhouse effect is a phenomenon where certain gases in Earth's atmosphere trap heat from the sun, warming the planet and causing global climate change.","greenhouse effect"
"The increasing concentration of greenhouse gases in our atmosphere is causing global temperatures to rise, a phenomenon known as the Greenhouse Effect. This process contributes significantly to climate change and requires urgent action to mitigate its impact on ecosystems worldwide.","greenhouse effect"
"The increasing concentration of greenhouse gases, primarily carbon dioxide and methane, is causing global temperatures to rise, leading to more frequent extreme weather events and altering ecosystems worldwide.","greenhouse effect"
"The greenhouse effect is a crucial process where heat from the sun warms our planet, but it can also be exacerbated by human activities like deforestation and industrial emissions of carbon dioxide.","greenhouse effect"
"The greenhouse effect is a crucial process where certain gases, including water vapor and carbon dioxide, trap heat from the sun within Earth's atmosphere, warming our planet. Understanding this phenomenon helps us address climate change effectively.","greenhouse effect"
"The greenhouse effect is a critical process where certain gases, mainly carbon dioxide and methane, trap heat from the sun's radiation within Earth’s atmosphere, leading to an increase in global temperatures and climate change.","greenhouse effect"
"Climate change is primarily driven by an enhanced greenhouse effect, which amplifies Earth's natural warming trend.","greenhouse effect"
"Climate change is a pressing issue, and reducing greenhouse gas emissions through sustainable practices such as using renewable energy sources can help mitigate its effects on our environment.","greenhouse effect"
"The greenhouse effect is a critical phenomenon where gases trap heat in Earth's atmosphere, leading to global warming and climate change.","greenhouse effect"
